adm_cd,district,dong,building_count,building_footprint_m2,dong_area_m2,building_density_pct,assignment_method
22010540,중구,삼덕동,1360,205138.68,643900.0,31.8588,building_area_centroid_in_administrative_dong
22010560,중구,성내1동,1940,319485.9,775300.0,41.208,building_area_centroid_in_administrative_dong
22010590,중구,성내2동,2101,353941.12,939900.0,37.6573,building_area_centroid_in_administrative_dong
22010610,중구,성내3동,2164,247691.41,750300.0,33.0123,building_area_centroid_in_administrative_dong
22010620,중구,대신동,1724,161857.97,493900.0,32.7714,building_area_centroid_in_administrative_dong
22010640,중구,남산1동,1406,131606.62,384200.0,34.2547,building_area_centroid_in_administrative_dong
22010650,중구,남산2동,1668,127823.39,374300.0,34.15,building_area_centroid_in_administrative_dong
22010660,중구,남산3동,1170,109066.83,402300.0,27.1108,building_area_centroid_in_administrative_dong
22010670,중구,남산4동,1382,126008.32,453200.0,27.8041,building_area_centroid_in_administrative_dong
22010680,중구,대봉1동,919,130442.51,554200.0,23.5371,building_area_centroid_in_administrative_dong
22010690,중구,대봉2동,1288,101031.55,282400.0,35.776,building_area_centroid_in_administrative_dong
22010700,중구,동인동,2369,296035.02,994800.0,29.7582,building_area_centroid_in_administrative_dong
22020510,동구,신암1동,2716,248518.99,617800.0,40.2264,building_area_centroid_in_administrative_dong
22020520,동구,신암2동,762,94284.89,360400.0,26.1612,building_area_centroid_in_administrative_dong
22020530,동구,신암3동,1495,179648.3,602100.0,29.837,building_area_centroid_in_administrative_dong
22020540,동구,신암4동,2402,344808.36,1149300.0,30.0016,building_area_centroid_in_administrative_dong
22020550,동구,신암5동,1259,147201.25,526500.0,27.9585,building_area_centroid_in_administrative_dong
22020560,동구,신천1·2동,1228,118863.86,445800.0,26.663,building_area_centroid_in_administrative_dong
22020580,동구,신천3동,1508,210841.9,741600.0,28.4307,building_area_centroid_in_administrative_dong
22020590,동구,신천4동,1782,263492.27,788300.0,33.4254,building_area_centroid_in_administrative_dong
22020600,동구,효목1동,2903,339055.81,1322400.0,25.6394,building_area_centroid_in_administrative_dong
22020610,동구,효목2동,2111,285447.02,777600.0,36.7087,building_area_centroid_in_administrative_dong
22020620,동구,도평동,1904,159689.03,21296800.0,0.7498,building_area_centroid_in_administrative_dong
22020630,동구,불로·봉무동,2682,326280.78,7614800.0,4.2848,building_area_centroid_in_administrative_dong
22020650,동구,지저동,2319,270799.45,2266400.0,11.9484,building_area_centroid_in_administrative_dong
22020660,동구,동촌동,2561,309538.47,3243900.0,9.5422,building_area_centroid_in_administrative_dong
22020680,동구,방촌동,1601,239598.41,1330400.0,18.0095,building_area_centroid_in_administrative_dong
22020690,동구,해안동,4267,475579.73,13270400.0,3.5838,building_area_centroid_in_administrative_dong
22020710,동구,공산동,7392,668548.97,83525900.0,0.8004,building_area_centroid_in_administrative_dong
22020730,동구,안심1동,3056,403997.6,3306200.0,12.2194,building_area_centroid_in_administrative_dong
22020740,동구,안심2동,2941,356203.4,13429400.0,2.6524,building_area_centroid_in_administrative_dong
22020760,동구,안심3동,1785,289605.67,5951300.0,4.8663,building_area_centroid_in_administrative_dong
22020770,동구,안심4동,3081,534032.13,2618600.0,20.3938,building_area_centroid_in_administrative_dong
22020780,동구,혁신동,2270,185448.54,16568500.0,1.1193,building_area_centroid_in_administrative_dong
22030510,서구,내당1동,1347,186367.85,580100.0,32.1268,building_area_centroid_in_administrative_dong
22030520,서구,내당2·3동,2431,199896.97,498700.0,40.0836,building_area_centroid_in_administrative_dong
22030530,서구,내당4동,1540,231109.15,787300.0,29.3546,building_area_centroid_in_administrative_dong
22030540,서구,비산1동,2222,159013.16,441100.0,36.0492,building_area_centroid_in_administrative_dong
22030550,서구,비산2·3동,3067,213422.85,545000.0,39.1602,building_area_centroid_in_administrative_dong
22030560,서구,비산4동,1628,145770.56,410500.0,35.5105,building_area_centroid_in_administrative_dong
22030570,서구,비산5동,1531,131894.17,341900.0,38.5768,building_area_centroid_in_administrative_dong
22030580,서구,비산6동,1434,114549.25,276300.0,41.4583,building_area_centroid_in_administrative_dong
22030590,서구,비산7동,3545,885536.28,2853600.0,31.0322,building_area_centroid_in_administrative_dong
22030600,서구,평리1동,1901,145858.81,385100.0,37.8756,building_area_centroid_in_administrative_dong
22030610,서구,평리2동,1009,76439.68,290800.0,26.286,building_area_centroid_in_administrative_dong
22030620,서구,평리3동,2660,258284.66,784600.0,32.9193,building_area_centroid_in_administrative_dong
22030630,서구,평리4동,2109,236618.49,736600.0,32.1231,building_area_centroid_in_administrative_dong
22030640,서구,평리5동,1485,146120.11,419100.0,34.8652,building_area_centroid_in_administrative_dong
22030650,서구,평리6동,1653,211899.49,715300.0,29.6239,building_area_centroid_in_administrative_dong
22030660,서구,상중이동,5050,1463388.54,6751000.0,21.6766,building_area_centroid_in_administrative_dong
22030680,서구,원대동,2592,219507.3,605500.0,36.2522,building_area_centroid_in_administrative_dong
22040510,남구,이천동,1690,173559.99,1082700.0,16.0303,building_area_centroid_in_administrative_dong
22040530,남구,봉덕1동,1775,177437.03,526600.0,33.6948,building_area_centroid_in_administrative_dong
22040540,남구,봉덕2동,1563,143621.22,3258500.0,4.4076,building_area_centroid_in_administrative_dong
22040550,남구,봉덕3동,2170,296093.19,2660600.0,11.1288,building_area_centroid_in_administrative_dong
22040560,남구,대명1동,1429,185705.0,478500.0,38.8098,building_area_centroid_in_administrative_dong
22040570,남구,대명2동,2082,230409.01,860100.0,26.7886,building_area_centroid_in_administrative_dong
22040580,남구,대명3동,2778,302564.89,988000.0,30.624,building_area_centroid_in_administrative_dong
22040590,남구,대명4동,2482,260654.83,729400.0,35.7355,building_area_centroid_in_administrative_dong
22040600,남구,대명5동,1406,179291.74,885600.0,20.2452,building_area_centroid_in_administrative_dong
22040610,남구,대명6동,1514,189703.55,1818800.0,10.4301,building_area_centroid_in_administrative_dong
22040640,남구,대명9동,2719,377951.49,3093300.0,12.2184,building_area_centroid_in_administrative_dong
22040650,남구,대명10동,1377,167649.18,531600.0,31.5367,building_area_centroid_in_administrative_dong
22040660,남구,대명11동,1844,207477.52,904300.0,22.9434,building_area_centroid_in_administrative_dong
22050510,북구,고성동,2068,179160.55,528300.0,33.9127,building_area_centroid_in_administrative_dong
22050520,북구,칠성동,2765,395811.3,1356800.0,29.1724,building_area_centroid_in_administrative_dong
22050550,북구,침산1동,2461,473640.61,1574000.0,30.0915,building_area_centroid_in_administrative_dong
22050560,북구,침산2동,1049,175862.21,776600.0,22.6451,building_area_centroid_in_administrative_dong
22050570,북구,침산3동,1340,226746.19,1036400.0,21.8783,building_area_centroid_in_administrative_dong
22050610,북구,산격1동,1928,187296.26,946900.0,19.7799,building_area_centroid_in_administrative_dong
22050620,북구,산격2동,2007,581813.02,2227000.0,26.1254,building_area_centroid_in_administrative_dong
22050630,북구,산격3동,2231,333165.86,1190500.0,27.9854,building_area_centroid_in_administrative_dong
22050640,북구,산격4동,2023,214576.4,743500.0,28.8603,building_area_centroid_in_administrative_dong
22050650,북구,복현1동,1151,163580.37,458300.0,35.6929,building_area_centroid_in_administrative_dong
22050660,북구,복현2동,1344,265754.75,1792800.0,14.8234,building_area_centroid_in_administrative_dong
22050700,북구,검단동,2102,641303.68,3842000.0,16.6919,building_area_centroid_in_administrative_dong
22050710,북구,무태조야동,3609,550503.98,22913600.0,2.4025,building_area_centroid_in_administrative_dong
22050740,북구,태전2동,1707,279138.6,2021300.0,13.8099,building_area_centroid_in_administrative_dong
22050750,북구,관문동,2764,409432.97,14699100.0,2.7854,building_area_centroid_in_administrative_dong
22050760,북구,읍내동,2161,326457.92,5914400.0,5.5197,building_area_centroid_in_administrative_dong
22050770,북구,관음동,1599,248413.79,2994900.0,8.2946,building_area_centroid_in_administrative_dong
22050780,북구,태전1동,1626,300102.84,2434000.0,12.3296,building_area_centroid_in_administrative_dong
22050790,북구,구암동,1691,303642.62,4162300.0,7.2951,building_area_centroid_in_administrative_dong
22050810,북구,노원동,7039,1583430.94,3032100.0,52.2223,building_area_centroid_in_administrative_dong
22050820,북구,동천동,713,219228.14,1118100.0,19.6072,building_area_centroid_in_administrative_dong
22050830,북구,국우동,2942,391888.06,17148400.0,2.2853,building_area_centroid_in_administrative_dong
22050840,북구,대현동,2948,300856.92,863000.0,34.8618,building_area_centroid_in_administrative_dong
22060510,수성구,범어1동,1366,228129.12,1164300.0,19.5937,building_area_centroid_in_administrative_dong
22060520,수성구,범어2동,1982,303509.85,1025300.0,29.6021,building_area_centroid_in_administrative_dong
22060530,수성구,범어3동,906,153252.31,579500.0,26.4456,building_area_centroid_in_administrative_dong
22060540,수성구,범어4동,1602,244367.55,1100600.0,22.2031,building_area_centroid_in_administrative_dong
22060550,수성구,만촌1동,2733,425159.31,2788400.0,15.2474,building_area_centroid_in_administrative_dong
22060560,수성구,만촌2동,2361,295933.9,1777900.0,16.6451,building_area_centroid_in_administrative_dong
22060570,수성구,만촌3동,1754,256465.55,1793200.0,14.3021,building_area_centroid_in_administrative_dong
22060580,수성구,수성1가동,1503,180840.39,600200.0,30.13,building_area_centroid_in_administrative_dong
22060590,수성구,수성2·3가동,1626,216407.32,646800.0,33.4582,building_area_centroid_in_administrative_dong
22060600,수성구,수성4가동,1239,157017.66,631400.0,24.8682,building_area_centroid_in_administrative_dong
22060610,수성구,황금1동,503,161500.52,2597900.0,6.2166,building_area_centroid_in_administrative_dong
22060620,수성구,황금2동,2339,352049.59,1179700.0,29.8423,building_area_centroid_in_administrative_dong
22060630,수성구,중동,2700,316081.2,897600.0,35.214,building_area_centroid_in_administrative_dong
22060640,수성구,상동,2666,374006.08,1328200.0,28.1589,building_area_centroid_in_administrative_dong
22060650,수성구,파동,2318,250712.66,5834800.0,4.2969,building_area_centroid_in_administrative_dong
22060660,수성구,두산동,1903,332174.72,1960800.0,16.9408,building_area_centroid_in_administrative_dong
22060670,수성구,지산1동,2351,382605.87,2849800.0,13.4257,building_area_centroid_in_administrative_dong
22060680,수성구,지산2동,885,190577.73,1707900.0,11.1586,building_area_centroid_in_administrative_dong
22060690,수성구,범물1동,460,89627.38,5672000.0,1.5802,building_area_centroid_in_administrative_dong
22060700,수성구,범물2동,678,124289.24,2097700.0,5.925,building_area_centroid_in_administrative_dong
22060710,수성구,고산1동,1117,279607.05,8862900.0,3.1548,building_area_centroid_in_administrative_dong
22060720,수성구,고산2동,3841,492553.04,24537400.0,2.0074,building_area_centroid_in_administrative_dong
22060730,수성구,고산3동,1718,278592.1,5236700.0,5.32,building_area_centroid_in_administrative_dong
22070550,달서구,두류3동,136,25238.5,1174900.0,2.1481,building_area_centroid_in_administrative_dong
22070560,달서구,본리동,1061,254625.78,1092700.0,23.3024,building_area_centroid_in_administrative_dong
22070570,달서구,감삼동,2487,322700.39,1109800.0,29.0773,building_area_centroid_in_administrative_dong
22070580,달서구,죽전동,2036,269186.91,809100.0,33.2699,building_area_centroid_in_administrative_dong
22070590,달서구,장기동,1921,530810.05,2803200.0,18.9359,building_area_centroid_in_administrative_dong
22070600,달서구,이곡1동,1169,316082.52,1819800.0,17.3691,building_area_centroid_in_administrative_dong
22070610,달서구,신당동,4456,1730549.37,9013700.0,19.1991,building_area_centroid_in_administrative_dong
22070630,달서구,월성2동,2727,1626182.46,7001400.0,23.2265,building_area_centroid_in_administrative_dong
22070650,달서구,상인1동,832,270498.4,1503100.0,17.996,building_area_centroid_in_administrative_dong
22070660,달서구,상인2동,1927,285789.06,929400.0,30.7498,building_area_centroid_in_administrative_dong
22070670,달서구,상인3동,509,101323.76,3677400.0,2.7553,building_area_centroid_in_administrative_dong
22070680,달서구,도원동,668,184613.99,10606100.0,1.7406,building_area_centroid_in_administrative_dong
22070690,달서구,송현1동,2913,374217.01,2429800.0,15.4011,building_area_centroid_in_administrative_dong
22070700,달서구,송현2동,2252,303922.08,963900.0,31.5305,building_area_centroid_in_administrative_dong
22070710,달서구,본동,1047,186151.04,1101900.0,16.8936,building_area_centroid_in_administrative_dong
22070720,달서구,용산1동,1270,261316.84,1321600.0,19.7728,building_area_centroid_in_administrative_dong
22070730,달서구,용산2동,751,173323.71,1513400.0,11.4526,building_area_centroid_in_administrative_dong
22070740,달서구,이곡2동,1462,533583.3,2211400.0,24.1288,building_area_centroid_in_administrative_dong
22070750,달서구,성당동,3188,415769.73,1971500.0,21.089,building_area_centroid_in_administrative_dong
22070760,달서구,두류1·2동,3678,360912.09,1298500.0,27.7945,building_area_centroid_in_administrative_dong
22070770,달서구,월성1동,1086,252542.18,1894200.0,13.3324,building_area_centroid_in_administrative_dong
22070780,달서구,진천동,2728,431469.16,5091100.0,8.475,building_area_centroid_in_administrative_dong
22070790,달서구,유천동,555,160289.9,1245100.0,12.8737,building_area_centroid_in_administrative_dong
22510110,달성군,화원읍,7021,1087654.96,26416200.0,4.1174,building_area_centroid_in_administrative_dong
22510120,달성군,논공읍,8034,2231438.58,44483500.0,5.0163,building_area_centroid_in_administrative_dong
22510130,달성군,다사읍,5925,1230400.52,36218600.0,3.3972,building_area_centroid_in_administrative_dong
22510140,달성군,유가읍,5144,1051034.42,56317200.0,1.8663,building_area_centroid_in_administrative_dong
22510150,달성군,옥포읍,6874,902427.33,46915600.0,1.9235,building_area_centroid_in_administrative_dong
22510160,달성군,현풍읍,6348,757313.2,25141500.0,3.0122,building_area_centroid_in_administrative_dong
22510310,달성군,가창면,6597,579639.03,110008500.0,0.5269,building_area_centroid_in_administrative_dong
22510320,달성군,하빈면,6138,881003.02,38832900.0,2.2687,building_area_centroid_in_administrative_dong
22510360,달성군,구지면,7397,1539286.54,38914700.0,3.9555,building_area_centroid_in_administrative_dong
22520111,군위군,군위읍,13409,1133607.97,83683300.0,1.3546,building_area_centroid_in_administrative_dong
22520311,군위군,소보면,7094,464400.5,99929100.0,0.4647,building_area_centroid_in_administrative_dong
22520312,군위군,효령면,9702,974920.38,98467200.0,0.9901,building_area_centroid_in_administrative_dong
22520313,군위군,부계면,4814,345229.7,64831900.0,0.5325,building_area_centroid_in_administrative_dong
22520314,군위군,우보면,5847,431308.77,60437900.0,0.7136,building_area_centroid_in_administrative_dong
22520315,군위군,의흥면,6775,528580.08,54595500.0,0.9682,building_area_centroid_in_administrative_dong
22520316,군위군,산성면,3479,213505.83,37012300.0,0.5769,building_area_centroid_in_administrative_dong
22520317,군위군,삼국유사면,3850,199975.18,114777700.0,0.1742,building_area_centroid_in_administrative_dong
